{
  "Author": "Warpholomey",
  "Name": "DiscordLinkpearl",
  "InternalName": "DiscordLinkpearl",
  "AssemblyVersion": "1.2.0.0",
  "Description": "Allows you to receive and send private messages from other players to Discord. Unlike some other plugins, this one aims to keep the settings minimal and support **sending** messages from Discord.",
  "ApplicableVersion": "any",
  "RepoUrl": "https://github.com/Warpholomey/DiscordLinkpearl/",
  "Tags": [],
  "DalamudApiLevel": 10,
  "LoadRequiredState": 0,
  "LoadSync": false,
  "CanUnloadAsync": false,
  "LoadPriority": 0,
  "Punchline": "Receive and send private messages from other players to Discord.",
  "AcceptsFeedback": true
}