{
  "Author": "Warpholomey",
  "Name": "DozeAnywhere",
  "InternalName": "DozeAnywhere",
  "AssemblyVersion": "14.0.0.0",
  "Description": "Allows you to sit or doze anywhere. This can be achieved without plugins by using a HEX editor, but some people may find it more convenient.",
  "ApplicableVersion": "any",
  "RepoUrl": "https://github.com/Warpholomey/DozeAnywhere/",
  "Tags": [],
  "DalamudApiLevel": 14,
  "LoadRequiredState": 0,
  "LoadSync": false,
  "CanUnloadAsync": false,
  "LoadPriority": 0,
  "Punchline": "Sit or doze anywhere.",
  "AcceptsFeedback": true
}